Month,100 metres,400 metres,10000 metres
1896-04,18.957,16.51,
1896-05,18.957,16.51,
1896-06,18.957,16.51,
1896-07,18.957,16.51,
1896-08,18.957,16.51,
1896-09,18.957,16.51,
1896-10,18.957,16.51,
1896-11,18.957,16.51,
1896-12,18.957,16.51,
1897-01,18.957,16.51,
1897-02,18.957,16.51,
1897-03,18.957,16.51,
1897-04,18.957,16.51,
1897-05,18.957,16.51,
1897-06,18.957,16.51,
1897-07,18.957,16.51,
1897-08,18.957,16.51,
1897-09,18.957,16.51,
1897-10,18.957,16.51,
1897-11,18.957,16.51,
1897-12,18.957,16.51,
1898-01,18.957,16.51,
1898-02,18.957,16.51,
1898-03,18.957,16.51,
1898-04,18.957,16.51,
1898-05,18.957,16.51,
1898-06,18.957,16.51,
1898-07,18.957,16.51,
1898-08,18.957,16.51,
1898-09,18.957,16.51,
1898-10,18.957,16.51,
1898-11,18.957,16.51,
1898-12,18.957,16.51,
1899-01,18.957,16.51,
1899-02,18.957,16.51,
1899-03,18.957,16.51,
1899-04,18.957,16.51,
1899-05,18.957,16.51,
1899-06,18.957,16.51,
1899-07,18.957,16.51,
1899-08,18.957,16.51,
1899-09,18.957,16.51,
1899-10,18.957,16.51,
1899-11,18.957,16.51,
1899-12,18.957,16.51,
1900-01,18.957,16.51,
1900-02,18.957,16.51,
1900-03,18.957,16.51,
1900-04,18.957,16.51,
1900-05,18.957,16.51,
1900-06,18.957,16.51,
1900-07,20.712,18.11,
1900-08,20.712,18.11,
1900-09,20.712,18.11,
1900-10,20.712,18.11,
1900-11,20.712,18.11,
1900-12,20.712,18.11,
1901-01,20.712,18.11,
1901-02,20.712,18.11,
1901-03,20.712,18.11,
1901-04,20.712,18.11,
1901-05,20.712,18.11,
1901-06,20.712,18.11,
1901-07,20.712,18.11,
1901-08,20.712,18.11,
1901-09,20.712,18.11,
1901-10,20.712,18.11,
1901-11,20.712,18.11,
1901-12,20.712,18.11,
1902-01,20.712,18.11,
1902-02,20.712,18.11,
1902-03,20.712,18.11,
1902-04,20.712,18.11,
1902-05,20.712,18.11,
1902-06,20.712,18.11,
1902-07,20.712,18.11,
1902-08,20.712,18.11,
1902-09,20.712,18.11,
1902-10,20.712,18.11,
1902-11,20.712,18.11,
1902-12,20.712,18.11,
1903-01,20.712,18.11,
1903-02,20.712,18.11,
1903-03,20.712,18.11,
1903-04,20.712,18.11,
1903-05,20.712,18.11,
1903-06,20.712,18.11,
1903-07,20.712,18.11,
1903-08,20.712,18.11,
1903-09,20.712,18.11,
1903-10,20.712,18.11,
1903-11,20.712,18.11,
1903-12,20.712,18.11,
1904-01,20.712,18.11,
1904-02,20.712,18.11,
1904-03,20.712,18.11,
1904-04,20.712,18.11,
1904-05,20.712,18.11,
1904-06,20.712,18.11,
1904-07,20.712,18.11,
1904-08,20.712,18.19,
1904-09,20.712,18.19,
1904-10,20.712,18.19,
1904-11,20.712,18.19,
1904-12,20.712,18.19,
1905-01,20.712,18.19,
1905-02,20.712,18.19,
1905-03,20.712,18.19,
1905-04,20.712,18.19,
1905-05,20.712,18.19,
1905-06,20.712,18.19,
1905-07,20.712,18.19,
1905-08,20.712,18.19,
1905-09,20.712,18.19,
1905-10,20.712,18.19,
1905-11,20.712,18.19,
1905-12,20.712,18.19,
1906-01,20.712,18.19,
1906-02,20.712,18.19,
1906-03,20.712,18.19,
1906-04,20.712,18.19,
1906-05,20.712,18.19,
1906-06,20.712,18.19,
1906-07,20.712,18.19,
1906-08,20.712,18.19,
1906-09,20.712,18.19,
1906-10,20.712,18.19,
1906-11,20.712,18.19,
1906-12,20.712,18.19,
1907-01,20.712,18.19,
1907-02,20.712,18.19,
1907-03,20.712,18.19,
1907-04,20.712,18.19,
1907-05,20.712,18.19,
1907-06,20.712,18.19,
1907-07,20.712,18.19,
1907-08,20.712,18.19,
1907-09,20.712,18.19,
1907-10,20.712,18.19,
1907-11,20.712,18.19,
1907-12,20.712,18.19,
1908-01,20.712,18.19,
1908-02,20.712,18.19,
1908-03,20.712,18.19,
1908-04,20.712,18.19,
1908-05,20.712,18.19,
1908-06,20.712,18.19,
1908-07,20.712,18.49,
1908-08,20.712,18.49,
1908-09,20.712,18.49,
1908-10,20.712,18.49,
1908-11,20.712,18.49,
1908-12,20.712,18.49,
1909-01,20.712,18.49,
1909-02,20.712,18.49,
1909-03,20.712,18.49,
1909-04,20.712,18.49,
1909-05,20.712,18.49,
1909-06,20.712,18.49,
1909-07,20.712,18.49,
1909-08,20.712,18.49,
1909-09,20.712,18.49,
1909-10,20.712,18.49,
1909-11,20.712,18.49,
1909-12,20.712,18.49,
1910-01,20.712,18.49,
1910-02,20.712,18.49,
1910-03,20.712,18.49,
1910-04,20.712,18.49,
1910-05,20.712,18.49,
1910-06,20.712,18.49,
1910-07,20.712,18.49,
1910-08,20.712,18.49,
1910-09,20.712,18.49,
1910-10,20.712,18.49,
1910-11,20.712,18.49,
1910-12,20.712,18.49,
1911-01,20.712,18.49,
1911-02,20.712,18.49,
1911-03,20.712,18.49,
1911-04,20.712,18.49,
1911-05,20.712,18.49,
1911-06,20.712,18.49,
1911-07,20.712,18.49,
1911-08,20.712,18.49,
1911-09,20.712,18.49,
1911-10,20.712,18.49,
1911-11,20.712,18.49,
1911-12,20.712,18.49,
1912-01,20.712,18.49,
1912-02,20.712,18.49,
1912-03,20.712,18.49,
1912-04,20.712,18.49,
1912-05,20.712,18.49,
1912-06,20.712,18.49,
1912-07,21.103,18.56,11.894
1912-08,21.103,18.56,11.894
1912-09,21.103,18.56,11.894
1912-10,21.103,18.56,11.894
1912-11,21.103,18.56,11.894
1912-12,21.103,18.56,11.894
1913-01,21.103,18.56,11.894
1913-02,21.103,18.56,11.894
1913-03,21.103,18.56,11.894
1913-04,21.103,18.56,11.894
1913-05,21.103,18.56,11.894
1913-06,21.103,18.56,11.894
1913-07,21.103,18.56,11.894
1913-08,21.103,18.56,11.894
1913-09,21.103,18.56,11.894
1913-10,21.103,18.56,11.894
1913-11,21.103,18.56,11.894
1913-12,21.103,18.56,11.894
1914-01,21.103,18.56,11.894
1914-02,21.103,18.56,11.894
1914-03,21.103,18.56,11.894
1914-04,21.103,18.56,11.894
1914-05,21.103,18.56,11.894
1914-06,21.103,18.56,11.894
1914-07,21.103,18.56,11.894
1914-08,21.103,18.56,11.894
1914-09,21.103,18.56,11.894
1914-10,21.103,18.56,11.894
1914-11,21.103,18.56,11.894
1914-12,21.103,18.56,11.894
1915-01,21.103,18.56,11.894
1915-02,21.103,18.56,11.894
1915-03,21.103,18.56,11.894
1915-04,21.103,18.56,11.894
1915-05,21.103,18.56,11.894
1915-06,21.103,18.56,11.894
1915-07,21.103,18.56,11.894
1915-08,21.103,18.56,11.894
1915-09,21.103,18.56,11.894
1915-10,21.103,18.56,11.894
1915-11,21.103,18.56,11.894
1915-12,21.103,18.56,11.894
1916-01,21.103,18.56,11.894
1916-02,21.103,18.56,11.894
1916-03,21.103,18.56,11.894
1916-04,21.103,18.56,11.894
1916-05,21.103,18.56,11.894
1916-06,21.103,18.56,11.894
1916-07,21.103,18.56,11.894
1916-08,21.103,18.56,11.894
1916-09,21.103,18.56,11.894
1916-10,21.103,18.56,11.894
1916-11,21.103,18.56,11.894
1916-12,21.103,18.56,11.894
1917-01,21.103,18.56,11.894
1917-02,21.103,18.56,11.894
1917-03,21.103,18.56,11.894
1917-04,21.103,18.56,11.894
1917-05,21.103,18.56,11.894
1917-06,21.103,18.56,11.894
1917-07,21.103,18.56,11.894
1917-08,21.103,18.56,11.894
1917-09,21.103,18.56,11.894
1917-10,21.103,18.56,11.894
1917-11,21.103,18.56,11.894
1917-12,21.103,18.56,11.894
1918-01,21.103,18.56,11.894
1918-02,21.103,18.56,11.894
1918-03,21.103,18.56,11.894
1918-04,21.103,18.56,11.894
1918-05,21.103,18.56,11.894
1918-06,21.103,18.56,11.894
1918-07,21.103,18.56,11.894
1918-08,21.103,18.56,11.894
1918-09,21.103,18.56,11.894
1918-10,21.103,18.56,11.894
1918-11,21.103,18.56,11.894
1918-12,21.103,18.56,11.894
1919-01,21.103,18.56,11.894
1919-02,21.103,18.56,11.894
1919-03,21.103,18.56,11.894
1919-04,21.103,18.56,11.894
1919-05,21.103,18.56,11.894
1919-06,21.103,18.56,11.894
1919-07,21.103,18.56,11.894
1919-08,21.103,18.56,11.894
1919-09,21.103,18.56,11.894
1919-10,21.103,18.56,11.894
1919-11,21.103,18.56,11.894
1919-12,21.103,18.56,11.894
1920-01,21.103,18.56,11.894
1920-02,21.103,18.56,11.894
1920-03,21.103,18.56,11.894
1920-04,21.103,18.56,11.894
1920-05,21.103,18.56,11.894
1920-06,21.103,18.56,11.894
1920-07,21.103,18.56,11.894
1920-08,21.103,18.56,11.894
1920-09,21.103,18.56,11.894
1920-10,21.103,18.56,11.894
1920-11,21.103,18.56,11.894
1920-12,21.103,18.56,11.894
1921-01,21.103,18.56,11.894
1921-02,21.103,18.56,11.894
1921-03,21.103,18.56,11.894
1921-04,21.103,18.56,11.894
1921-05,21.103,18.56,11.894
1921-06,21.103,18.56,11.894
1921-07,21.103,18.56,11.894
1921-08,21.103,18.56,11.894
1921-09,21.103,18.56,11.894
1921-10,21.103,18.56,11.894
1921-11,21.103,18.56,11.894
1921-12,21.103,18.56,11.894
1922-01,21.103,18.56,11.894
1922-02,21.103,18.56,11.894
1922-03,21.103,18.56,11.894
1922-04,21.103,18.56,11.894
1922-05,21.103,18.56,11.894
1922-06,21.103,18.56,11.894
1922-07,21.103,18.56,11.894
1922-08,21.103,18.56,11.894
1922-09,21.103,18.56,11.894
1922-10,21.103,18.56,11.894
1922-11,21.103,18.56,11.894
1922-12,21.103,18.56,11.894
1923-01,21.103,18.56,11.894
1923-02,21.103,18.56,11.894
1923-03,21.103,18.56,11.894
1923-04,21.103,18.56,11.894
1923-05,21.103,18.56,11.894
1923-06,21.103,18.56,11.894
1923-07,21.103,18.56,11.894
1923-08,21.103,18.56,11.894
1923-09,21.103,18.56,11.894
1923-10,21.103,18.56,11.894
1923-11,21.103,18.56,11.894
1923-12,21.103,18.56,11.894
1924-01,21.103,18.56,11.894
1924-02,21.103,18.56,11.894
1924-03,21.103,18.56,11.894
1924-04,21.103,18.56,11.894
1924-05,21.103,18.56,11.894
1924-06,21.103,18.56,11.894
1924-07,21.103,18.8,12.269
1924-08,21.103,18.8,12.269
1924-09,21.103,18.8,12.269
1924-10,21.103,18.8,12.269
1924-11,21.103,18.8,12.269
1924-12,21.103,18.8,12.269
1925-01,21.103,18.8,12.269
1925-02,21.103,18.8,12.269
1925-03,21.103,18.8,12.269
1925-04,21.103,18.8,12.269
1925-05,21.103,18.8,12.269
1925-06,21.103,18.8,12.269
1925-07,21.103,18.8,12.269
1925-08,21.103,18.8,12.269
1925-09,21.103,18.8,12.269
1925-10,21.103,18.8,12.269
1925-11,21.103,18.8,12.269
1925-12,21.103,18.8,12.269
1926-01,21.103,18.8,12.269
1926-02,21.103,18.8,12.269
1926-03,21.103,18.8,12.269
1926-04,21.103,18.8,12.269
1926-05,21.103,18.8,12.269
1926-06,21.103,18.8,12.269
1926-07,21.103,18.8,12.269
1926-08,21.103,18.8,12.269
1926-09,21.103,18.8,12.269
1926-10,21.103,18.8,12.269
1926-11,21.103,18.8,12.269
1926-12,21.103,18.8,12.269
1927-01,21.103,18.8,12.269
1927-02,21.103,18.8,12.269
1927-03,21.103,18.8,12.269
1927-04,21.103,18.8,12.269
1927-05,21.103,18.8,12.269
1927-06,21.103,18.8,12.269
1927-07,21.103,18.8,12.269
1927-08,21.103,18.8,12.269
1927-09,21.103,18.8,12.269
1927-10,21.103,18.8,12.269
1927-11,21.103,18.8,12.269
1927-12,21.103,18.8,12.269
1928-01,21.103,18.8,12.269
1928-02,21.103,18.8,12.269
1928-03,21.103,18.8,12.269
1928-04,21.103,18.8,12.269
1928-05,21.103,18.8,12.269
1928-06,21.103,18.8,12.269
1928-07,21.103,18.8,12.269
1928-08,21.103,18.8,12.299
1928-09,21.103,18.8,12.299
1928-10,21.103,18.8,12.299
1928-11,21.103,18.8,12.299
1928-12,21.103,18.8,12.299
1929-01,21.103,18.8,12.299
1929-02,21.103,18.8,12.299
1929-03,21.103,18.8,12.299
1929-04,21.103,18.8,12.299
1929-05,21.103,18.8,12.299
1929-06,21.103,18.8,12.299
1929-07,21.103,18.8,12.299
1929-08,21.103,18.8,12.299
1929-09,21.103,18.8,12.299
1929-10,21.103,18.8,12.299
1929-11,21.103,18.8,12.299
1929-12,21.103,18.8,12.299
1930-01,21.103,18.8,12.299
1930-02,21.103,18.8,12.299
1930-03,21.103,18.8,12.299
1930-04,21.103,18.8,12.299
1930-05,21.103,18.8,12.299
1930-06,21.103,18.8,12.299
1930-07,21.103,18.8,12.299
1930-08,21.103,18.8,12.299
1930-09,21.103,18.8,12.299
1930-10,21.103,18.8,12.299
1930-11,21.103,18.8,12.299
1930-12,21.103,18.8,12.299
1931-01,21.103,18.8,12.299
1931-02,21.103,18.8,12.299
1931-03,21.103,18.8,12.299
1931-04,21.103,18.8,12.299
1931-05,21.103,18.8,12.299
1931-06,21.103,18.8,12.299
1931-07,21.103,18.8,12.299
1931-08,21.103,18.8,12.299
1931-09,21.103,18.8,12.299
1931-10,21.103,18.8,12.299
1931-11,21.103,18.8,12.299
1931-12,21.103,18.8,12.299
1932-01,21.103,18.8,12.299
1932-02,21.103,18.8,12.299
1932-03,21.103,18.8,12.299
1932-04,21.103,18.8,12.299
1932-05,21.103,18.8,12.299
1932-06,21.103,18.8,12.299
1932-07,21.509,18.8,12.349
1932-08,21.718,19.37,
1932-09,21.718,19.37,12.349
1932-10,21.718,19.37,12.349
1932-11,21.718,19.37,12.349
1932-12,21.718,19.37,12.349
1933-01,21.718,19.37,12.349
1933-02,21.718,19.37,12.349
1933-03,21.718,19.37,12.349
1933-04,21.718,19.37,12.349
1933-05,21.718,19.37,12.349
1933-06,21.718,19.37,12.349
1933-07,21.718,19.37,12.349
1933-08,21.718,19.37,12.349
1933-09,21.718,19.37,12.349
1933-10,21.718,19.37,12.349
1933-11,21.718,19.37,12.349
1933-12,21.718,19.37,12.349
1934-01,21.718,19.37,12.349
1934-02,21.718,19.37,12.349
1934-03,21.718,19.37,12.349
1934-04,21.718,19.37,12.349
1934-05,21.718,19.37,12.349
1934-06,21.718,19.37,12.349
1934-07,21.718,19.37,12.349
1934-08,21.718,19.37,12.349
1934-09,21.718,19.37,12.349
1934-10,21.718,19.37,12.349
1934-11,21.718,19.37,12.349
1934-12,21.718,19.37,12.349
1935-01,21.718,19.37,12.349
1935-02,21.718,19.37,12.349
1935-03,21.718,19.37,12.349
1935-04,21.718,19.37,12.349
1935-05,21.718,19.37,12.349
1935-06,21.718,19.37,12.349
1935-07,21.718,19.37,12.349
1935-08,21.718,19.37,12.349
1935-09,21.718,19.37,12.349
1935-10,21.718,19.37,12.349
1935-11,21.718,19.37,12.349
1935-12,21.718,19.37,12.349
1936-01,21.718,19.37,12.349
1936-02,21.718,19.37,12.349
1936-03,21.718,19.37,12.349
1936-04,21.718,19.37,12.349
1936-05,21.718,19.37,12.349
1936-06,21.718,19.37,12.349
1936-07,21.718,19.37,12.349
1936-08,21.718,19.37,12.349
1936-09,21.718,19.37,12.349
1936-10,21.718,19.37,12.349
1936-11,21.718,19.37,12.349
1936-12,21.718,19.37,12.349
1937-01,21.718,19.37,12.349
1937-02,21.718,19.37,12.349
1937-03,21.718,19.37,12.349
1937-04,21.718,19.37,12.349
1937-05,21.718,19.37,12.349
1937-06,21.718,19.37,12.349
1937-07,21.718,19.37,12.349
1937-08,21.718,19.37,12.349
1937-09,21.718,19.37,12.349
1937-10,21.718,19.37,12.349
1937-11,21.718,19.37,12.349
1937-12,21.718,19.37,12.349
1938-01,21.718,19.37,12.349
1938-02,21.718,19.37,12.349
1938-03,21.718,19.37,12.349
1938-04,21.718,19.37,12.349
1938-05,21.718,19.37,12.349
1938-06,21.718,19.37,12.349
1938-07,21.718,19.37,12.349
1938-08,21.718,19.37,12.349
1938-09,21.718,19.37,12.349
1938-10,21.718,19.37,12.349
1938-11,21.718,19.37,12.349
1938-12,21.718,19.37,12.349
1939-01,21.718,19.37,12.349
1939-02,21.718,19.37,12.349
1939-03,21.718,19.37,12.349
1939-04,21.718,19.37,12.349
1939-05,21.718,19.37,12.349
1939-06,21.718,19.37,12.349
1939-07,21.718,19.37,12.349
1939-08,21.718,19.37,12.349
1939-09,21.718,19.37,12.349
1939-10,21.718,19.37,12.349
1939-11,21.718,19.37,12.349
1939-12,21.718,19.37,12.349
1940-01,21.718,19.37,12.349
1940-02,21.718,19.37,12.349
1940-03,21.718,19.37,12.349
1940-04,21.718,19.37,12.349
1940-05,21.718,19.37,12.349
1940-06,21.718,19.37,12.349
1940-07,21.718,19.37,12.349
1940-08,21.718,19.37,12.349
1940-09,21.718,19.37,12.349
1940-10,21.718,19.37,12.349
1940-11,21.718,19.37,12.349
1940-12,21.718,19.37,12.349
1941-01,21.718,19.37,12.349
1941-02,21.718,19.37,12.349
1941-03,21.718,19.37,12.349
1941-04,21.718,19.37,12.349
1941-05,21.718,19.37,12.349
1941-06,21.718,19.37,12.349
1941-07,21.718,19.37,12.349
1941-08,21.718,19.37,12.349
1941-09,21.718,19.37,12.349
1941-10,21.718,19.37,12.349
1941-11,21.718,19.37,12.349
1941-12,21.718,19.37,12.349
1942-01,21.718,19.37,12.349
1942-02,21.718,19.37,12.349
1942-03,21.718,19.37,12.349
1942-04,21.718,19.37,12.349
1942-05,21.718,19.37,12.349
1942-06,21.718,19.37,12.349
1942-07,21.718,19.37,12.349
1942-08,21.718,19.37,12.349
1942-09,21.718,19.37,12.349
1942-10,21.718,19.37,12.349
1942-11,21.718,19.37,12.349
1942-12,21.718,19.37,12.349
1943-01,21.718,19.37,12.349
1943-02,21.718,19.37,12.349
1943-03,21.718,19.37,12.349
1943-04,21.718,19.37,12.349
1943-05,21.718,19.37,12.349
1943-06,21.718,19.37,12.349
1943-07,21.718,19.37,12.349
1943-08,21.718,19.37,12.349
1943-09,21.718,19.37,12.349
1943-10,21.718,19.37,12.349
1943-11,21.718,19.37,12.349
1943-12,21.718,19.37,12.349
1944-01,21.718,19.37,12.349
1944-02,21.718,19.37,12.349
1944-03,21.718,19.37,12.349
1944-04,21.718,19.37,12.349
1944-05,21.718,19.37,12.349
1944-06,21.718,19.37,12.349
1944-07,21.718,19.37,12.349
1944-08,21.718,19.37,12.349
1944-09,21.718,19.37,12.349
1944-10,21.718,19.37,12.349
1944-11,21.718,19.37,12.349
1944-12,21.718,19.37,12.349
1945-01,21.718,19.37,12.349
1945-02,21.718,19.37,12.349
1945-03,21.718,19.37,12.349
1945-04,21.718,19.37,12.349
1945-05,21.718,19.37,12.349
1945-06,21.718,19.37,12.349
1945-07,21.718,19.37,12.349
1945-08,21.718,19.37,12.349
1945-09,21.718,19.37,12.349
1945-10,21.718,19.37,12.349
1945-11,21.718,19.37,12.349
1945-12,21.718,19.37,12.349
1946-01,21.718,19.37,12.349
1946-02,21.718,19.37,12.349
1946-03,21.718,19.37,12.349
1946-04,21.718,19.37,12.349
1946-05,21.718,19.37,12.349
1946-06,21.718,19.37,12.349
1946-07,21.718,19.37,12.349
1946-08,21.718,19.37,12.349
1946-09,21.718,19.37,12.349
1946-10,21.718,19.37,12.349
1946-11,21.718,19.37,12.349
1946-12,21.718,19.37,12.349
1947-01,21.718,19.37,12.349
1947-02,21.718,19.37,12.349
1947-03,21.718,19.37,12.349
1947-04,21.718,19.37,12.349
1947-05,21.718,19.37,12.349
1947-06,21.718,19.37,12.349
1947-07,21.718,19.37,12.349
1947-08,21.718,19.37,12.349
1947-09,21.718,19.37,12.349
1947-10,21.718,19.37,12.349
1947-11,21.718,19.37,12.349
1947-12,21.718,19.37,12.349
1948-01,21.718,19.37,12.349
1948-02,21.718,19.37,12.349
1948-03,21.718,19.37,12.349
1948-04,21.718,19.37,12.349
1948-05,21.718,19.37,12.349
1948-06,21.718,19.37,12.349
1948-07,21.718,19.37,12.43
1948-08,21.718,19.37,12.43
1948-09,21.718,19.37,12.43
1948-10,21.718,19.37,12.43
1948-11,21.718,19.37,12.43
1948-12,21.718,19.37,12.43
1949-01,21.718,19.37,12.43
1949-02,21.718,19.37,12.43
1949-03,21.718,19.37,12.43
1949-04,21.718,19.37,12.43
1949-05,21.718,19.37,12.43
1949-06,21.718,19.37,12.43
1949-07,21.718,19.37,12.43
1949-08,21.718,19.37,12.43
1949-09,21.718,19.37,12.43
1949-10,21.718,19.37,12.43
1949-11,21.718,19.37,12.43
1949-12,21.718,19.37,12.43
1950-01,21.718,19.37,12.43
1950-02,21.718,19.37,12.43
1950-03,21.718,19.37,12.43
1950-04,21.718,19.37,12.43
1950-05,21.718,19.37,12.43
1950-06,21.718,19.37,12.43
1950-07,21.718,19.37,12.43
1950-08,21.718,19.37,12.43
1950-09,21.718,19.37,12.43
1950-10,21.718,19.37,12.43
1950-11,21.718,19.37,12.43
1950-12,21.718,19.37,12.43
1951-01,21.718,19.37,12.43
1951-02,21.718,19.37,12.43
1951-03,21.718,19.37,12.43
1951-04,21.718,19.37,12.43
1951-05,21.718,19.37,12.43
1951-06,21.718,19.37,12.43
1951-07,21.718,19.37,12.43
1951-08,21.718,19.37,12.43
1951-09,21.718,19.37,12.43
1951-10,21.718,19.37,12.43
1951-11,21.718,19.37,12.43
1951-12,21.718,19.37,12.43
1952-01,21.718,19.37,12.43
1952-02,21.718,19.37,12.43
1952-03,21.718,19.37,12.43
1952-04,21.718,19.37,12.43
1952-05,21.718,19.37,12.43
1952-06,21.718,19.37,12.43
1952-07,21.718,19.49,12.732
1952-08,21.718,19.49,12.732
1952-09,21.718,19.49,12.732
1952-10,21.718,19.49,12.732
1952-11,21.718,19.49,12.732
1952-12,21.718,19.49,12.732
1953-01,21.718,19.49,12.732
1953-02,21.718,19.49,12.732
1953-03,21.718,19.49,12.732
1953-04,21.718,19.49,12.732
1953-05,21.718,19.49,12.732
1953-06,21.718,19.49,12.732
1953-07,21.718,19.49,12.732
1953-08,21.718,19.49,12.732
1953-09,21.718,19.49,12.732
1953-10,21.718,19.49,12.732
1953-11,21.718,19.49,12.732
1953-12,21.718,19.49,12.732
1954-01,21.718,19.49,12.732
1954-02,21.718,19.49,12.732
1954-03,21.718,19.49,12.732
1954-04,21.718,19.49,12.732
1954-05,21.718,19.49,12.732
1954-06,21.718,19.49,12.732
1954-07,21.718,19.49,12.732
1954-08,21.718,19.49,12.732
1954-09,21.718,19.49,12.732
1954-10,21.718,19.49,12.732
1954-11,21.718,19.49,12.732
1954-12,21.718,19.49,12.732
1955-01,21.718,19.49,12.732
1955-02,21.718,19.49,12.732
1955-03,21.718,19.49,12.732
1955-04,21.718,19.49,12.732
1955-05,21.718,19.49,12.732
1955-06,21.718,19.49,12.732
1955-07,21.718,19.49,12.732
1955-08,21.718,19.49,12.732
1955-09,21.718,19.49,12.732
1955-10,21.718,19.49,12.732
1955-11,21.718,19.49,12.732
1955-12,21.718,19.49,12.732
1956-01,21.718,19.49,12.732
1956-02,21.718,19.49,12.732
1956-03,21.718,19.49,12.732
1956-04,21.718,19.49,12.732
1956-05,21.718,19.49,12.732
1956-06,21.718,19.49,12.732
1956-07,21.718,19.49,12.732
1956-08,21.718,19.49,12.732
1956-09,21.718,19.49,12.732
1956-10,21.718,19.49,12.732
1956-11,21.718,19.49,12.963
1956-12,21.718,19.49,12.963
1957-01,21.718,19.49,12.963
1957-02,21.718,19.49,12.963
1957-03,21.718,19.49,12.963
1957-04,21.718,19.49,12.963
1957-05,21.718,19.49,12.963
1957-06,21.718,19.49,12.963
1957-07,21.718,19.49,12.963
1957-08,21.718,19.49,12.963
1957-09,21.718,19.49,12.963
1957-10,21.718,19.49,12.963
1957-11,21.718,19.49,12.963
1957-12,21.718,19.49,12.963
1958-01,21.718,19.49,12.963
1958-02,21.718,19.49,12.963
1958-03,21.718,19.49,12.963
1958-04,21.718,19.49,12.963
1958-05,21.718,19.49,12.963
1958-06,21.718,19.49,12.963
1958-07,21.718,19.49,12.963
1958-08,21.718,19.49,12.963
1958-09,21.718,19.49,12.963
1958-10,21.718,19.49,12.963
1958-11,21.718,19.49,12.963
1958-12,21.718,19.49,12.963
1959-01,21.718,19.49,12.963
1959-02,21.718,19.49,12.963
1959-03,21.718,19.49,12.963
1959-04,21.718,19.49,12.963
1959-05,21.718,19.49,12.963
1959-06,21.718,19.49,12.963
1959-07,21.718,19.49,12.963
1959-08,21.718,19.49,12.963
1959-09,21.718,19.49,12.963
1959-10,21.718,19.49,12.963
1959-11,21.718,19.49,12.963
1959-12,21.718,19.49,12.963
1960-01,21.718,19.49,12.963
1960-02,21.718,19.49,12.963
1960-03,21.718,19.49,12.963
1960-04,21.718,19.49,12.963
1960-05,21.718,19.49,12.963
1960-06,21.718,19.49,12.963
1960-07,21.718,19.49,12.963
1960-08,21.931,19.49,12.963
1960-09,,19.93,13.065
1960-10,21.931,19.93,13.065
1960-11,21.931,19.93,13.065
1960-12,21.931,19.93,13.065
1961-01,21.931,19.93,13.065
1961-02,21.931,19.93,13.065
1961-03,21.931,19.93,13.065
1961-04,21.931,19.93,13.065
1961-05,21.931,19.93,13.065
1961-06,21.931,19.93,13.065
1961-07,21.931,19.93,13.065
1961-08,21.931,19.93,13.065
1961-09,21.931,19.93,13.065
1961-10,21.931,19.93,13.065
1961-11,21.931,19.93,13.065
1961-12,21.931,19.93,13.065
1962-01,21.931,19.93,13.065
1962-02,21.931,19.93,13.065
1962-03,21.931,19.93,13.065
1962-04,21.931,19.93,13.065
1962-05,21.931,19.93,13.065
1962-06,21.931,19.93,13.065
1962-07,21.931,19.93,13.065
1962-08,21.931,19.93,13.065
1962-09,21.931,19.93,13.065
1962-10,21.931,19.93,13.065
1962-11,21.931,19.93,13.065
1962-12,21.931,19.93,13.065
1963-01,21.931,19.93,13.065
1963-02,21.931,19.93,13.065
1963-03,21.931,19.93,13.065
1963-04,21.931,19.93,13.065
1963-05,21.931,19.93,13.065
1963-06,21.931,19.93,13.065
1963-07,21.931,19.93,13.065
1963-08,21.931,19.93,13.065
1963-09,21.931,19.93,13.065
1963-10,21.931,19.93,13.065
1963-11,21.931,19.93,13.065
1963-12,21.931,19.93,13.065
1964-01,21.931,19.93,13.065
1964-02,21.931,19.93,13.065
1964-03,21.931,19.93,13.065
1964-04,21.931,19.93,13.065
1964-05,21.931,19.93,13.065
1964-06,21.931,19.93,13.065
1964-07,21.931,19.93,13.065
1964-08,21.931,19.93,13.065
1964-09,21.931,19.93,13.065
1964-10,22.369,19.93,13.125
1964-11,22.369,19.93,13.125
1964-12,22.369,19.93,13.125
1965-01,22.369,19.93,13.125
1965-02,22.369,19.93,13.125
1965-03,22.369,19.93,13.125
1965-04,22.369,19.93,13.125
1965-05,22.369,19.93,13.125
1965-06,22.369,19.93,13.125
1965-07,22.369,19.93,13.125
1965-08,22.369,19.93,13.125
1965-09,22.369,19.93,13.125
1965-10,22.369,19.93,13.125
1965-11,22.369,19.93,13.125
1965-12,22.369,19.93,13.125
1966-01,22.369,19.93,13.125
1966-02,22.369,19.93,13.125
1966-03,22.369,19.93,13.125
1966-04,22.369,19.93,13.125
1966-05,22.369,19.93,13.125
1966-06,22.369,19.93,13.125
1966-07,22.369,19.93,13.125
1966-08,22.369,19.93,13.125
1966-09,22.369,19.93,13.125
1966-10,22.369,19.93,13.125
1966-11,22.369,19.93,13.125
1966-12,22.369,19.93,13.125
1967-01,22.369,19.93,13.125
1967-02,22.369,19.93,13.125
1967-03,22.369,19.93,13.125
1967-04,22.369,19.93,13.125
1967-05,22.369,19.93,13.125
1967-06,22.369,19.93,13.125
1967-07,22.369,19.93,13.125
1967-08,22.369,19.93,13.125
1967-09,22.369,19.93,13.125
1967-10,22.369,19.93,13.125
1967-11,22.369,19.93,13.125
1967-12,22.369,19.93,13.125
1968-01,22.369,19.93,13.125
1968-02,22.369,19.93,13.125
1968-03,22.369,19.93,13.125
1968-04,22.369,19.93,13.125
1968-05,22.369,19.93,13.125
1968-06,22.369,19.93,13.125
1968-07,22.369,19.93,13.125
1968-08,22.369,19.93,13.125
1968-09,22.369,19.93,13.125
1968-10,22.482,19.93,13.125
1968-11,22.482,19.93,13.125
1968-12,22.482,19.93,13.125
1969-01,22.482,19.93,13.125
1969-02,22.482,19.93,13.125
1969-03,22.482,19.93,13.125
1969-04,22.482,19.93,13.125
1969-05,22.482,19.93,13.125
1969-06,22.482,19.93,13.125
1969-07,22.482,19.93,13.125
1969-08,22.482,19.93,13.125
1969-09,22.482,19.93,13.125
1969-10,22.482,19.93,13.125
1969-11,22.482,19.93,13.125
1969-12,22.482,19.93,13.125
1970-01,22.482,19.93,13.125
1970-02,22.482,19.93,13.125
1970-03,22.482,19.93,13.125
1970-04,22.482,19.93,13.125
1970-05,22.482,19.93,13.125
1970-06,22.482,19.93,13.125
1970-07,22.482,19.93,13.125
1970-08,22.482,19.93,13.125
1970-09,22.482,19.93,13.125
1970-10,22.482,19.93,13.125
1970-11,22.482,19.93,13.125
1970-12,22.482,19.93,13.125
1971-01,22.482,19.93,13.125
1971-02,22.482,19.93,13.125
1971-03,22.482,19.93,13.125
1971-04,22.482,19.93,13.125
1971-05,22.482,19.93,13.125
1971-06,22.482,19.93,13.125
1971-07,22.482,19.93,13.125
1971-08,22.482,19.93,13.125
1971-09,22.482,19.93,13.125
1971-10,22.482,19.93,13.125
1971-11,22.482,19.93,13.125
1971-12,22.482,19.93,13.125
1972-01,22.482,19.93,13.125
1972-02,22.482,19.93,13.125
1972-03,22.482,19.93,13.125
1972-04,22.482,19.93,13.125
1972-05,22.482,19.93,13.125
1972-06,22.482,19.93,13.125
1972-07,22.482,19.93,13.125
1972-08,22.482,19.93,13.369
1972-09,22.482,19.93,13.489
1972-10,22.482,19.93,13.489
1972-11,22.482,19.93,13.489
1972-12,22.482,19.93,13.489
1973-01,22.482,19.93,13.489
1973-02,22.482,19.93,13.489
1973-03,22.482,19.93,13.489
1973-04,22.482,19.93,13.489
1973-05,22.482,19.93,13.489
1973-06,22.482,19.93,13.489
1973-07,22.482,19.93,13.489
1973-08,22.482,19.93,13.489
1973-09,22.482,19.93,13.489
1973-10,22.482,19.93,13.489
1973-11,22.482,19.93,13.489
1973-12,22.482,19.93,13.489
1974-01,22.482,19.93,13.489
1974-02,22.482,19.93,13.489
1974-03,22.482,19.93,13.489
1974-04,22.482,19.93,13.489
1974-05,22.482,19.93,13.489
1974-06,22.482,19.93,13.489
1974-07,22.482,19.93,13.489
1974-08,22.482,19.93,13.489
1974-09,22.482,19.93,13.489
1974-10,22.482,19.93,13.489
1974-11,22.482,19.93,13.489
1974-12,22.482,19.93,13.489
1975-01,22.482,19.93,13.489
1975-02,22.482,19.93,13.489
1975-03,22.482,19.93,13.489
1975-04,22.482,19.93,13.489
1975-05,22.482,19.93,13.489
1975-06,22.482,19.93,13.489
1975-07,22.482,19.93,13.489
1975-08,22.482,19.93,13.489
1975-09,22.482,19.93,13.489
1975-10,22.482,19.93,13.489
1975-11,22.482,19.93,13.489
1975-12,22.482,19.93,13.489
1976-01,22.482,19.93,13.489
1976-02,22.482,19.93,13.489
1976-03,22.482,19.93,13.489
1976-04,22.482,19.93,13.489
1976-05,22.482,19.93,13.489
1976-06,22.482,19.93,13.489
1976-07,22.482,19.93,13.489
1976-08,22.482,19.93,13.489
1976-09,22.482,19.93,13.489
1976-10,22.482,19.93,13.489
1976-11,22.482,19.93,13.489
1976-12,22.482,19.93,13.489
1977-01,22.482,19.93,13.489
1977-02,22.482,19.93,13.489
1977-03,22.482,19.93,13.489
1977-04,22.482,19.93,13.489
1977-05,22.482,19.93,13.489
1977-06,22.482,19.93,13.489
1977-07,22.482,19.93,13.489
1977-08,22.482,19.93,13.489
1977-09,22.482,19.93,13.489
1977-10,22.482,19.93,13.489
1977-11,22.482,19.93,13.489
1977-12,22.482,19.93,13.489
1978-01,22.482,19.93,13.489
1978-02,22.482,19.93,13.489
1978-03,22.482,19.93,13.489
1978-04,22.482,19.93,13.489
1978-05,22.482,19.93,13.489
1978-06,22.482,19.93,13.489
1978-07,22.482,19.93,13.489
1978-08,22.482,19.93,13.489
1978-09,22.482,19.93,13.489
1978-10,22.482,19.93,13.489
1978-11,22.482,19.93,13.489
1978-12,22.482,19.93,13.489
1979-01,22.482,19.93,13.489
1979-02,22.482,19.93,13.489
1979-03,22.482,19.93,13.489
1979-04,22.482,19.93,13.489
1979-05,22.482,19.93,13.489
1979-06,22.482,19.93,13.489
1979-07,22.482,19.93,13.489
1979-08,22.482,19.93,13.489
1979-09,22.482,19.93,13.489
1979-10,22.482,19.93,13.489
1979-11,22.482,19.93,13.489
1979-12,22.482,19.93,13.489
1980-01,22.482,19.93,13.489
1980-02,22.482,19.93,13.489
1980-03,22.482,19.93,13.489
1980-04,22.482,19.93,13.489
1980-05,22.482,19.93,13.489
1980-06,22.482,19.93,13.489
1980-07,22.482,19.93,13.489
1980-08,22.482,19.93,13.489
1980-09,22.482,19.93,13.489
1980-10,22.482,19.93,13.489
1980-11,22.482,19.93,13.489
1980-12,22.482,19.93,13.489
1981-01,22.482,19.93,13.489
1981-02,22.482,19.93,13.489
1981-03,22.482,19.93,13.489
1981-04,22.482,19.93,13.489
1981-05,22.482,19.93,13.489
1981-06,22.482,19.93,13.489
1981-07,22.482,19.93,13.489
1981-08,22.482,19.93,13.489
1981-09,22.482,19.93,13.489
1981-10,22.482,19.93,13.489
1981-11,22.482,19.93,13.489
1981-12,22.482,19.93,13.489
1982-01,22.482,19.93,13.489
1982-02,22.482,19.93,13.489
1982-03,22.482,19.93,13.489
1982-04,22.482,19.93,13.489
1982-05,22.482,19.93,13.489
1982-06,22.482,19.93,13.489
1982-07,22.482,19.93,13.489
1982-08,22.482,19.93,13.489
1982-09,22.482,19.93,13.489
1982-10,22.482,19.93,13.489
1982-11,22.482,19.93,13.489
1982-12,22.482,19.93,13.489
1983-01,22.482,19.93,13.489
1983-02,22.482,19.93,13.489
1983-03,22.482,19.93,13.489
1983-04,22.482,19.93,13.489
1983-05,22.482,19.93,13.489
1983-06,22.482,19.93,13.489
1983-07,22.482,19.93,13.489
1983-08,22.482,19.93,13.489
1983-09,22.482,19.93,13.489
1983-10,22.482,19.93,13.489
1983-11,22.482,19.93,13.489
1983-12,22.482,19.93,13.489
1984-01,22.482,19.93,13.489
1984-02,22.482,19.93,13.489
1984-03,22.482,19.93,13.489
1984-04,22.482,19.93,13.489
1984-05,22.482,19.93,13.489
1984-06,22.482,19.93,13.489
1984-07,22.482,19.93,13.489
1984-08,22.482,19.93,13.489
1984-09,22.482,19.93,13.489
1984-10,22.482,19.93,13.489
1984-11,22.482,19.93,13.489
1984-12,22.482,19.93,13.489
1985-01,22.482,19.93,13.489
1985-02,22.482,19.93,13.489
1985-03,22.482,19.93,13.489
1985-04,22.482,19.93,13.489
1985-05,22.482,19.93,13.489
1985-06,22.482,19.93,13.489
1985-07,22.482,19.93,13.489
1985-08,22.482,19.93,13.489
1985-09,22.482,19.93,13.489
1985-10,22.482,19.93,13.489
1985-11,22.482,19.93,13.489
1985-12,22.482,19.93,13.489
1986-01,22.482,19.93,13.489
1986-02,22.482,19.93,13.489
1986-03,22.482,19.93,13.489
1986-04,22.482,19.93,13.489
1986-05,22.482,19.93,13.489
1986-06,22.482,19.93,13.489
1986-07,22.482,19.93,13.489
1986-08,22.482,19.93,13.489
1986-09,22.482,19.93,13.489
1986-10,22.482,19.93,13.489
1986-11,22.482,19.93,13.489
1986-12,22.482,19.93,13.489
1987-01,22.482,19.93,13.489
1987-02,22.482,19.93,13.489
1987-03,22.482,19.93,13.489
1987-04,22.482,19.93,13.489
1987-05,22.482,19.93,13.489
1987-06,22.482,19.93,13.489
1987-07,22.482,19.93,13.489
1987-08,22.482,19.93,13.489
1987-09,22.482,19.93,13.489
1987-10,22.482,19.93,13.489
1987-11,22.482,19.93,13.489
1987-12,22.482,19.93,13.489
1988-01,22.482,19.93,13.489
1988-02,22.482,19.93,13.489
1988-03,22.482,19.93,13.489
1988-04,22.482,19.93,13.489
1988-05,22.482,19.93,13.489
1988-06,22.482,19.93,13.489
1988-07,22.482,19.93,13.489
1988-08,22.482,19.93,13.489
1988-09,22.55,19.93,13.628
1988-10,22.55,19.93,13.628
1988-11,22.55,19.93,13.628
1988-12,22.55,19.93,13.628
1989-01,22.55,19.93,13.628
1989-02,22.55,19.93,13.628
1989-03,22.55,19.93,13.628
1989-04,22.55,19.93,13.628
1989-05,22.55,19.93,13.628
1989-06,22.55,19.93,13.628
1989-07,22.55,19.93,13.628
1989-08,22.55,19.93,13.628
1989-09,22.55,19.93,13.628
1989-10,22.55,19.93,13.628
1989-11,22.55,19.93,13.628
1989-12,22.55,19.93,13.628
1990-01,22.55,19.93,13.628
1990-02,22.55,19.93,13.628
1990-03,22.55,19.93,13.628
1990-04,22.55,19.93,13.628
1990-05,22.55,19.93,13.628
1990-06,22.55,19.93,13.628
1990-07,22.55,19.93,13.628
1990-08,22.55,19.93,13.628
1990-09,22.55,19.93,13.628
1990-10,22.55,19.93,13.628
1990-11,22.55,19.93,13.628
1990-12,22.55,19.93,13.628
1991-01,22.55,19.93,13.628
1991-02,22.55,19.93,13.628
1991-03,22.55,19.93,13.628
1991-04,22.55,19.93,13.628
1991-05,22.55,19.93,13.628
1991-06,22.55,19.93,13.628
1991-07,22.55,19.93,13.628
1991-08,22.55,19.93,13.628
1991-09,22.55,19.93,13.628
1991-10,22.55,19.93,13.628
1991-11,22.55,19.93,13.628
1991-12,22.55,19.93,13.628
1992-01,22.55,19.93,13.628
1992-02,22.55,19.93,13.628
1992-03,22.55,19.93,13.628
1992-04,22.55,19.93,13.628
1992-05,22.55,19.93,13.628
1992-06,22.55,19.93,13.628
1992-07,22.55,19.93,13.628
1992-08,22.55,20.57,13.628
1992-09,22.55,20.57,13.628
1992-10,22.55,20.57,13.628
1992-11,22.55,20.57,13.628
1992-12,22.55,20.57,13.628
1993-01,22.55,20.57,13.628
1993-02,22.55,20.57,13.628
1993-03,22.55,20.57,13.628
1993-04,22.55,20.57,13.628
1993-05,22.55,20.57,13.628
1993-06,22.55,20.57,13.628
1993-07,22.55,20.57,13.628
1993-08,22.55,20.57,13.628
1993-09,22.55,20.57,13.628
1993-10,22.55,20.57,13.628
1993-11,22.55,20.57,13.628
1993-12,22.55,20.57,13.628
1994-01,22.55,20.57,13.628
1994-02,22.55,20.57,13.628
1994-03,22.55,20.57,13.628
1994-04,22.55,20.57,13.628
1994-05,22.55,20.57,13.628
1994-06,22.55,20.57,13.628
1994-07,22.55,20.57,13.628
1994-08,22.55,20.57,13.628
1994-09,22.55,20.57,13.628
1994-10,22.55,20.57,13.628
1994-11,22.55,20.57,13.628
1994-12,22.55,20.57,13.628
1995-01,22.55,20.57,13.628
1995-02,22.55,20.57,13.628
1995-03,22.55,20.57,13.628
1995-04,22.55,20.57,13.628
1995-05,22.55,20.57,13.628
1995-06,22.55,20.57,13.628
1995-07,22.55,20.57,13.628
1995-08,22.55,20.57,13.628
1995-09,22.55,20.57,13.628
1995-10,22.55,20.57,13.628
1995-11,22.55,20.57,13.628
1995-12,22.55,20.57,13.628
1996-01,22.55,20.57,13.628
1996-02,22.55,20.57,13.628
1996-03,22.55,20.57,13.628
1996-04,22.55,20.57,13.628
1996-05,22.55,20.57,13.628
1996-06,22.55,20.57,13.628
1996-07,22.733,20.57,13.746
1996-08,22.733,20.57,13.746
1996-09,22.733,20.57,13.746
1996-10,22.733,20.57,13.746
1996-11,22.733,20.57,13.746
1996-12,22.733,20.57,13.746
1997-01,22.733,20.57,13.746
1997-02,22.733,20.57,13.746
1997-03,22.733,20.57,13.746
1997-04,22.733,20.57,13.746
1997-05,22.733,20.57,13.746
1997-06,22.733,20.57,13.746
1997-07,22.733,20.57,13.746
1997-08,22.733,20.57,13.746
1997-09,22.733,20.57,13.746
1997-10,22.733,20.57,13.746
1997-11,22.733,20.57,13.746
1997-12,22.733,20.57,13.746
1998-01,22.733,20.57,13.746
1998-02,22.733,20.57,13.746
1998-03,22.733,20.57,13.746
1998-04,22.733,20.57,13.746
1998-05,22.733,20.57,13.746
1998-06,22.733,20.57,13.746
1998-07,22.733,20.57,13.746
1998-08,22.733,20.57,13.746
1998-09,22.733,20.57,13.746
1998-10,22.733,20.57,13.746
1998-11,22.733,20.57,13.746
1998-12,22.733,20.57,13.746
1999-01,22.733,20.57,13.746
1999-02,22.733,20.57,13.746
1999-03,22.733,20.57,13.746
1999-04,22.733,20.57,13.746
1999-05,22.733,20.57,13.746
1999-06,22.733,20.57,13.746
1999-07,22.733,20.57,13.746
1999-08,22.733,20.57,13.746
1999-09,22.733,20.57,13.746
1999-10,22.733,20.57,13.746
1999-11,22.733,20.57,13.746
1999-12,22.733,20.57,13.746
2000-01,22.733,20.57,13.746
2000-02,22.733,20.57,13.746
2000-03,22.733,20.57,13.746
2000-04,22.733,20.57,13.746
2000-05,22.733,20.57,13.746
2000-06,22.733,20.57,13.746
2000-07,22.733,20.57,13.746
2000-08,22.733,20.57,13.746
2000-09,22.733,20.57,13.746
2000-10,22.733,20.57,13.746
2000-11,22.733,20.57,13.746
2000-12,22.733,20.57,13.746
2001-01,22.733,20.57,13.746
2001-02,22.733,20.57,13.746
2001-03,22.733,20.57,13.746
2001-04,22.733,20.57,13.746
2001-05,22.733,20.57,13.746
2001-06,22.733,20.57,13.746
2001-07,22.733,20.57,13.746
2001-08,22.733,20.57,13.746
2001-09,22.733,20.57,13.746
2001-10,22.733,20.57,13.746
2001-11,22.733,20.57,13.746
2001-12,22.733,20.57,13.746
2002-01,22.733,20.57,13.746
2002-02,22.733,20.57,13.746
2002-03,22.733,20.57,13.746
2002-04,22.733,20.57,13.746
2002-05,22.733,20.57,13.746
2002-06,22.733,20.57,13.746
2002-07,22.733,20.57,13.746
2002-08,22.733,20.57,13.746
2002-09,22.733,20.57,13.746
2002-10,22.733,20.57,13.746
2002-11,22.733,20.57,13.746
2002-12,22.733,20.57,13.746
2003-01,22.733,20.57,13.746
2003-02,22.733,20.57,13.746
2003-03,22.733,20.57,13.746
2003-04,22.733,20.57,13.746
2003-05,22.733,20.57,13.746
2003-06,22.733,20.57,13.746
2003-07,22.733,20.57,13.746
2003-08,22.733,20.57,13.746
2003-09,22.733,20.57,13.746
2003-10,22.733,20.57,13.746
2003-11,22.733,20.57,13.746
2003-12,22.733,20.57,13.746
2004-01,22.733,20.57,13.746
2004-02,22.733,20.57,13.746
2004-03,22.733,20.57,13.746
2004-04,22.733,20.57,13.746
2004-05,22.733,20.57,13.746
2004-06,22.733,20.57,13.746
2004-07,22.733,20.57,13.746
2004-08,22.733,20.57,13.765
2004-09,22.733,20.57,13.765
2004-10,22.733,20.57,13.765
2004-11,22.733,20.57,13.765
2004-12,22.733,20.57,13.765
2005-01,22.733,20.57,13.765
2005-02,22.733,20.57,13.765
2005-03,22.733,20.57,13.765
2005-04,22.733,20.57,13.765
2005-05,22.733,20.57,13.765
2005-06,22.733,20.57,13.765
2005-07,22.733,20.57,13.765
2005-08,22.733,20.57,13.765
2005-09,22.733,20.57,13.765
2005-10,22.733,20.57,13.765
2005-11,22.733,20.57,13.765
2005-12,22.733,20.57,13.765
2006-01,22.733,20.57,13.765
2006-02,22.733,20.57,13.765
2006-03,22.733,20.57,13.765
2006-04,22.733,20.57,13.765
2006-05,22.733,20.57,13.765
2006-06,22.733,20.57,13.765
2006-07,22.733,20.57,13.765
2006-08,22.733,20.57,13.765
2006-09,22.733,20.57,13.765
2006-10,22.733,20.57,13.765
2006-11,22.733,20.57,13.765
2006-12,22.733,20.57,13.765
2007-01,22.733,20.57,13.765
2007-02,22.733,20.57,13.765
2007-03,22.733,20.57,13.765
2007-04,22.733,20.57,13.765
2007-05,22.733,20.57,13.765
2007-06,22.733,20.57,13.765
2007-07,22.733,20.57,13.765
2007-08,22.733,20.57,13.765
2007-09,22.733,20.57,13.765
2007-10,22.733,20.57,13.765
2007-11,22.733,20.57,13.765
2007-12,22.733,20.57,13.765
2008-01,22.733,20.57,13.765
2008-02,22.733,20.57,13.765
2008-03,22.733,20.57,13.765
2008-04,22.733,20.57,13.765
2008-05,22.733,20.57,13.765
2008-06,22.733,20.57,13.765
2008-07,22.733,20.57,13.765
2008-08,23.085,20.57,13.798
2008-09,23.085,20.57,13.798
2008-10,23.085,20.57,13.798
2008-11,23.085,20.57,13.798
2008-12,23.085,20.57,13.798
2009-01,23.085,20.57,13.798
2009-02,23.085,20.57,13.798
2009-03,23.085,20.57,13.798
2009-04,23.085,20.57,13.798
2009-05,23.085,20.57,13.798
2009-06,23.085,20.57,13.798
2009-07,23.085,20.57,13.798
2009-08,23.085,20.57,13.798
2009-09,23.085,20.57,13.798
2009-10,23.085,20.57,13.798
2009-11,23.085,20.57,13.798
2009-12,23.085,20.57,13.798
2010-01,23.085,20.57,13.798
2010-02,23.085,20.57,13.798
2010-03,23.085,20.57,13.798
2010-04,23.085,20.57,13.798
2010-05,23.085,20.57,13.798
2010-06,23.085,20.57,13.798
2010-07,23.085,20.57,13.798
2010-08,23.085,20.57,13.798
2010-09,23.085,20.57,13.798
2010-10,23.085,20.57,13.798
2010-11,23.085,20.57,13.798
2010-12,23.085,20.57,13.798
2011-01,23.085,20.57,13.798
2011-02,23.085,20.57,13.798
2011-03,23.085,20.57,13.798
2011-04,23.085,20.57,13.798
2011-05,23.085,20.57,13.798
2011-06,23.085,20.57,13.798
2011-07,23.085,20.57,13.798
2011-08,23.085,20.57,13.798
2011-09,23.085,20.57,13.798
2011-10,23.085,20.57,13.798
2011-11,23.085,20.57,13.798
2011-12,23.085,20.57,13.798
2012-01,23.085,20.57,13.798
2012-02,23.085,20.57,13.798
2012-03,23.085,20.57,13.798
2012-04,23.085,20.57,13.798
2012-05,23.085,20.57,13.798
2012-06,23.085,20.57,13.798
2012-07,23.085,20.57,13.798
2012-08,23.229,20.57,13.798
,,,
Men's Olympic running records by year,,,
